Category,Sub-Category,Type,Title,City,numbers of time mentioned,Url
حراج السيارات,تويوتا,لاندكروزر,لاندكروزر 2008 مرهم 2021,عرعر,0,https://haraj.com.sa/11113400152/%D9%84%D8%A7%D9%86%D8%AF%D9%83%D8%B1%D9%88%D8%B2%D8%B1_2008_%D9%85%D8%B1%D9%87%D9%85_2021
حراج السيارات,تويوتا,لاندكروزر,جيب لاندكروزر Gx,الهفوف,0,https://haraj.com.sa/11113400108/%D8%AC%D9%8A%D8%A8_%D9%84%D8%A7%D9%86%D8%AF%D9%83%D8%B1%D9%88%D8%B2%D8%B1_Gx
حراج السيارات,تويوتا,لاندكروزر,جي اكس ار,القريات,0,https://haraj.com.sa/11113400086/%D8%AC%D9%8A_%D8%A7%D9%83%D8%B3_%D8%A7%D8%B1
حراج السيارات,تويوتا,لاندكروزر,لاندكروزر 98-2007,الطايف,0,https://haraj.com.sa/11113400071/%D9%84%D8%A7%D9%86%D8%AF%D9%83%D8%B1%D9%88%D8%B2%D8%B1_98_2007
حراج السيارات,تويوتا,لاندكروزر,GXR 4 or 5,الرياض,0,https://haraj.com.sa/11113399994/GXR_4_or_5
حراج السيارات,تويوتا,لاندكروزر,جيب لاندكروزر 2011 GX-R,حفر الباطن,0,https://haraj.com.sa/11113399894/%D8%AC%D9%8A%D8%A8_%D9%84%D8%A7%D9%86%D8%AF%D9%83%D8%B1%D9%88%D8%B2%D8%B1_2011_GX_R
حراج السيارات,تويوتا,لاندكروزر,جي هدد 2016,الرياض,0,https://haraj.com.sa/11113399871/%D8%AC%D9%8A_%D9%87%D8%AF%D8%AF_2016
حراج السيارات,تويوتا,لاندكروزر,لاند كروزر,الرياض,0,https://haraj.com.sa/11113399752/%D9%84%D8%A7%D9%86%D8%AF_%D9%83%D8%B1%D9%88%D8%B2%D8%B1
حراج السيارات,تويوتا,لاندكروزر,جيب 1997 للبيع,سكاكا,0,https://haraj.com.sa/11113399671/%D8%AC%D9%8A%D8%A8_1997_%D9%84%D9%84%D8%A8%D9%8A%D8%B9
حراج السيارات,تويوتا,لاندكروزر,جي اكس هدد,حائل,0,https://haraj.com.sa/11113399628/%D8%AC%D9%8A_%D8%A7%D9%83%D8%B3_%D9%87%D8%AF%D8%AF
حراج السيارات,تويوتا,لاندكروزر,لاندكروزر GXR مكيفين ثلاجه قير عادي,تبوك,0,https://haraj.com.sa/11113399526/%D9%84%D8%A7%D9%86%D8%AF%D9%83%D8%B1%D9%88%D8%B2%D8%B1_GXR_%D9%85%D9%83%D9%8A%D9%81%D9%8A%D9%86_%D8%AB%D9%84%D8%A7%D8%AC%D9%87_%D9%82%D9%8A%D8%B1_%D8%B9%D8%A7%D8%AF%D9%8A
حراج السيارات,تويوتا,لاندكروزر,للبيع جي اكس 60 عام 2011 نظيف,حائل,0,https://haraj.com.sa/11113399512/%D9%84%D9%84%D8%A8%D9%8A%D8%B9_%D8%AC%D9%8A_%D8%A7%D9%83%D8%B3_60_%D8%B9%D8%A7%D9%85_2011_%D9%86%D8%B8%D9%8A%D9%81
حراج السيارات,تويوتا,لاندكروزر,جي 2013,الرياض,0,https://haraj.com.sa/11113398981/%D8%AC%D9%8A_2013
حراج السيارات,تويوتا,لاندكروزر,لاندكروزر 2021,الدمام,0,https://haraj.com.sa/11113398796/%D9%84%D8%A7%D9%86%D8%AF%D9%83%D8%B1%D9%88%D8%B2%D8%B1_2021
حراج السيارات,تويوتا,لاندكروزر,جي اكس 2015 للبيع,حائل,0,https://haraj.com.sa/11113398696/%D8%AC%D9%8A_%D8%A7%D9%83%D8%B3_2015_%D9%84%D9%84%D8%A8%D9%8A%D8%B9
حراج السيارات,تويوتا,لاندكروزر,صالون 1985 للبيع _ خميس البحر,محايل عسير,0,https://haraj.com.sa/11113398676/%D8%B5%D8%A7%D9%84%D9%88%D9%86_1985_%D9%84%D9%84%D8%A8%D9%8A%D8%B9_%D8%AE%D9%85%D9%8A%D8%B3_%D8%A7%D9%84%D8%A8%D8%AD%D8%B1
حراج السيارات,تويوتا,لاندكروزر,جك اكس ار,حائل,0,https://haraj.com.sa/11113398476/%D8%AC%D9%83_%D8%A7%D9%83%D8%B3_%D8%A7%D8%B1
حراج السيارات,تويوتا,لاندكروزر,ميقان 2017 فل كامل,الدمام,0,https://haraj.com.sa/11113398441/%D9%85%D9%8A%D9%82%D8%A7%D9%86_2017_%D9%81%D9%84_%D9%83%D8%A7%D9%85%D9%84
حراج السيارات,تويوتا,لاندكروزر,سله لاندكلوزر 2022,الرياض,0,https://haraj.com.sa/11113398234/%D8%B3%D9%84%D9%87_%D9%84%D8%A7%D9%86%D8%AF%D9%83%D9%84%D9%88%D8%B2%D8%B1_2022
حراج السيارات,تويوتا,لاندكروزر,هل ترغب في شرا سياره من معارض الشفا في الرياض اتصل نلبي طلبك,الرياض,0,https://haraj.com.sa/11113398168/%D9%87%D9%84_%D8%AA%D8%B1%D8%BA%D8%A8_%D9%81%D9%8A_%D8%B4%D8%B1%D8%A7_%D8%B3%D9%8A%D8%A7%D8%B1%D9%87_%D9%85%D9%86_%D9%85%D8%B9%D8%A7%D8%B1%D8%B6_%D8%A7%D9%84%D8%B4%D9%81%D8%A7_%D9%81%D9%8A_%D8%A7%D9%84%D8%B1%D9%8A%D8%A7%D8%B6_%D8%A7%D8%AA%D8%B5%D9%84_%D9%86%D9%84%D8%A8%D9%8A_%D8%B7%D9%84%D8%A8%D9%83
حراج السيارات,تويوتا,لاندكروزر,تحصيل ديون وسداد المتعثرات وسداد ايقاف الخدمات,حائل,0,https://haraj.com.sa/11113397758/%D8%AA%D8%AD%D8%B5%D9%8A%D9%84_%D8%AF%D9%8A%D9%88%D9%86_%D9%88%D8%B3%D8%AF%D8%A7%D8%AF_%D8%A7%D9%84%D9%85%D8%AA%D8%B9%D8%AB%D8%B1%D8%A7%D8%AA_%D9%88%D8%B3%D8%AF%D8%A7%D8%AF_%D8%A7%D9%8A%D9%82%D8%A7%D9%81_%D8%A7%D9%84%D8%AE%D8%AF%D9%85%D8%A7%D8%AA
حراج السيارات,تويوتا,كامري,كامري 2019 هايبرد,حفر الباطن,0,https://haraj.com.sa/11113400361/%D9%83%D8%A7%D9%85%D8%B1%D9%8A_2019_%D9%87%D8%A7%D9%8A%D8%A8%D8%B1%D8%AF
حراج السيارات,تويوتا,كامري,كامري 2000 مسقطه للبيع تشليح مكينه وقير ومحركات على الشرط,الرياض,0,https://haraj.com.sa/11113400342/%D9%83%D8%A7%D9%85%D8%B1%D9%8A_2000_%D9%85%D8%B3%D9%82%D8%B7%D9%87_%D9%84%D9%84%D8%A8%D9%8A%D8%B9_%D8%AA%D8%B4%D9%84%D9%8A%D8%AD_%D9%85%D9%83%D9%8A%D9%86%D9%87_%D9%88%D9%82%D9%8A%D8%B1_%D9%88%D9%85%D8%AD%D8%B1%D9%83%D8%A7%D8%AA_%D8%B9%D9%84%D9%89_%D8%A7%D9%84%D8%B4%D8%B1%D8%B7
حراج السيارات,تويوتا,كامري,كامري2020,الرس,0,https://haraj.com.sa/11113400307/%D9%83%D8%A7%D9%85%D8%B1%D9%8A2020
حراج السيارات,تويوتا,كامري,كامري 2017,الرياض,0,https://haraj.com.sa/11113399975/%D9%83%D8%A7%D9%85%D8%B1%D9%8A_2017
حراج السيارات,تويوتا,كامري,كامرى مطور بالاقساط,الرياض,0,https://haraj.com.sa/11113399689/%D9%83%D8%A7%D9%85%D8%B1%D9%89_%D9%85%D8%B7%D9%88%D8%B1_%D8%A8%D8%A7%D9%84%D8%A7%D9%82%D8%B3%D8%A7%D8%B7
حراج السيارات,تويوتا,كامري,للبيع كامري 2005 قير عادي,الرياض,0,https://haraj.com.sa/11113399599/%D9%84%D9%84%D8%A8%D9%8A%D8%B9_%D9%83%D8%A7%D9%85%D8%B1%D9%8A_2005_%D9%82%D9%8A%D8%B1_%D8%B9%D8%A7%D8%AF%D9%8A
حراج السيارات,تويوتا,كامري,للبيع تويوتا كامري موديل 2013 القصيم,الرس,0,https://haraj.com.sa/11113399590/%D9%84%D9%84%D8%A8%D9%8A%D8%B9_%D8%AA%D9%88%D9%8A%D9%88%D8%AA%D8%A7_%D9%83%D8%A7%D9%85%D8%B1%D9%8A_%D9%85%D9%88%D8%AF%D9%8A%D9%84_2013_%D8%A7%D9%84%D9%82%D8%B5%D9%8A%D9%85
حراج السيارات,تويوتا,كامري,كامري 2017 عبداللطيف جميل,عنيزة,0,https://haraj.com.sa/11113399527/%D9%83%D8%A7%D9%85%D8%B1%D9%8A_2017_%D8%B9%D8%A8%D8%AF%D8%A7%D9%84%D9%84%D8%B7%D9%8A%D9%81_%D8%AC%D9%85%D9%8A%D9%84
حراج السيارات,تويوتا,كامري,كامري 2023 جديد,الرياض,0,https://haraj.com.sa/11113399420/%D9%83%D8%A7%D9%85%D8%B1%D9%8A_2023_%D8%AC%D8%AF%D9%8A%D8%AF
حراج السيارات,تويوتا,كامري,ااصطب كامري للبيع كامله وكاله 2020,المدينة,0,https://haraj.com.sa/11113399031/%D8%A7%D8%A7%D8%B5%D8%B7%D8%A8_%D9%83%D8%A7%D9%85%D8%B1%D9%8A_%D9%84%D9%84%D8%A8%D9%8A%D8%B9_%D9%83%D8%A7%D9%85%D9%84%D9%87_%D9%88%D9%83%D8%A7%D9%84%D9%87_2020
حراج السيارات,تويوتا,كامري,كامري من 2004 لين 2006 نظيف ومتماسك وقير اتوميتك وسعره حلو,حوطة بني تميم,0,https://haraj.com.sa/11113399014/%D9%83%D8%A7%D9%85%D8%B1%D9%8A_%D9%85%D9%86_2004_%D9%84%D9%8A%D9%86_2006_%D9%86%D8%B8%D9%8A%D9%81_%D9%88%D9%85%D8%AA%D9%85%D8%A7%D8%B3%D9%83_%D9%88%D9%82%D9%8A%D8%B1_%D8%A7%D8%AA%D9%88%D9%85%D9%8A%D8%AA%D9%83_%D9%88%D8%B3%D8%B9%D8%B1%D9%87_%D8%AD%D9%84%D9%88
حراج السيارات,تويوتا,كامري,جناح كامري 2006 بلد,الطايف,0,https://haraj.com.sa/11113399007/%D8%AC%D9%86%D8%A7%D8%AD_%D9%83%D8%A7%D9%85%D8%B1%D9%8A_2006_%D8%A8%D9%84%D8%AF
حراج السيارات,تويوتا,كامري,كامري 2010,الرياض,0,https://haraj.com.sa/11113398944/%D9%83%D8%A7%D9%85%D8%B1%D9%8A_2010
حراج السيارات,تويوتا,كامري,كامري,الرياض,0,https://haraj.com.sa/11113398926/%D9%83%D8%A7%D9%85%D8%B1%D9%8A
حراج السيارات,تويوتا,كامري,كامري 2016 GLX,جيزان,0,https://haraj.com.sa/11113398757/%D9%83%D8%A7%D9%85%D8%B1%D9%8A_2016_GLX
حراج السيارات,تويوتا,كامري,كامري موديل 2015,الرياض,0,https://haraj.com.sa/11113398616/%D9%83%D8%A7%D9%85%D8%B1%D9%8A_%D9%85%D9%88%D8%AF%D9%8A%D9%84_2015
حراج السيارات,تويوتا,كامري,كامري 2019 فل كامل,الهفوف,0,https://haraj.com.sa/11113398595/%D9%83%D8%A7%D9%85%D8%B1%D9%8A_2019_%D9%81%D9%84_%D9%83%D8%A7%D9%85%D9%84
حراج السيارات,تويوتا,كامري,كامري 2004 تماتيك,الطايف,0,https://haraj.com.sa/11113398568/%D9%83%D8%A7%D9%85%D8%B1%D9%8A_2004_%D8%AA%D9%85%D8%A7%D8%AA%D9%8A%D9%83
حراج السيارات,تويوتا,كامري,كامري 2002,الهفوف,0,https://haraj.com.sa/11113398324/%D9%83%D8%A7%D9%85%D8%B1%D9%8A_2002
حراج السيارات,تويوتا,افالون,افالون شرط بدي ومحركات21,الجبيل,0,https://haraj.com.sa/11113398698/%D8%A7%D9%81%D8%A7%D9%84%D9%88%D9%86_%D8%B4%D8%B1%D8%B7_%D8%A8%D8%AF%D9%8A_%D9%88%D9%85%D8%AD%D8%B1%D9%83%D8%A7%D8%AA21
حراج السيارات,تويوتا,افالون,(( عروض رمضان )) افالون ليمتيد موديل 2022,المدينة,0,https://haraj.com.sa/11113397436/_%D8%B9%D8%B1%D9%88%D8%B6_%D8%B1%D9%85%D8%B6%D8%A7%D9%86%D8%A7%D9%81%D8%A7%D9%84%D9%88%D9%86_%D9%84%D9%8A%D9%85%D8%AA%D9%8A%D8%AF_%D9%85%D9%88%D8%AF%D9%8A%D9%84_2022
حراج السيارات,تويوتا,افالون,افلون تورنق 2022 فتحه سعودي 148000,الطايف,0,https://haraj.com.sa/11113396381/%D8%A7%D9%81%D9%84%D9%88%D9%86_%D8%AA%D9%88%D8%B1%D9%86%D9%82_2022_%D9%81%D8%AA%D8%AD%D9%87_%D8%B3%D8%B9%D9%88%D8%AF%D9%8A_148000
حراج السيارات,تويوتا,افالون,افلون بروميوم 2022 فل سعودي 205 شامل,الطايف,0,https://haraj.com.sa/11113395532/%D8%A7%D9%81%D9%84%D9%88%D9%86_%D8%A8%D8%B1%D9%88%D9%85%D9%8A%D9%88%D9%85_2022_%D9%81%D9%84_%D8%B3%D8%B9%D9%88%D8%AF%D9%8A_205_%D8%B4%D8%A7%D9%85%D9%84
حراج السيارات,تويوتا,افالون,مرايه يمين افالون مديل 2005 الى 2009,صبيا,0,https://haraj.com.sa/11113393791/%D9%85%D8%B1%D8%A7%D9%8A%D9%87_%D9%8A%D9%85%D9%8A%D9%86_%D8%A7%D9%81%D8%A7%D9%84%D9%88%D9%86_%D9%85%D8%AF%D9%8A%D9%84_2005_%D8%A7%D9%84%D9%89_2009
حراج السيارات,تويوتا,افالون,افلون 2013 xli على يدي فيها القير,المجاردة,0,https://haraj.com.sa/11113392614/%D8%A7%D9%81%D9%84%D9%88%D9%86_2013_xli_%D8%B9%D9%84%D9%89_%D9%8A%D8%AF%D9%8A_%D9%81%D9%8A%D9%87%D8%A7_%D8%A7%D9%84%D9%82%D9%8A%D8%B1
حراج السيارات,تويوتا,افالون,افالون تورنق 2021,الدلم,0,https://haraj.com.sa/11113392451/%D8%A7%D9%81%D8%A7%D9%84%D9%88%D9%86_%D8%AA%D9%88%D8%B1%D9%86%D9%82_2021
حراج السيارات,تويوتا,افالون,كروم افالون,المدينة,0,https://haraj.com.sa/11113391478/%D9%83%D8%B1%D9%88%D9%85_%D8%A7%D9%81%D8%A7%D9%84%D9%88%D9%86
حراج السيارات,تويوتا,افالون,للبيع افالون 2015 XLE,المبرز,0,https://haraj.com.sa/11113390614/%D9%84%D9%84%D8%A8%D9%8A%D8%B9_%D8%A7%D9%81%D8%A7%D9%84%D9%88%D9%86_2015_XLE
حراج السيارات,تويوتا,افالون,افالون 2019 مستعمله,الرياض,0,https://haraj.com.sa/11113389829/%D8%A7%D9%81%D8%A7%D9%84%D9%88%D9%86_2019_%D9%85%D8%B3%D8%AA%D8%B9%D9%85%D9%84%D9%87
حراج السيارات,تويوتا,افالون,مكينة افالون 2020,عرعر,0,https://haraj.com.sa/11113389061/%D9%85%D9%83%D9%8A%D9%86%D8%A9_%D8%A7%D9%81%D8%A7%D9%84%D9%88%D9%86_2020
حراج السيارات,تويوتا,افالون,فرشات افلون VIP ب 285,الرياض,0,https://haraj.com.sa/11113388514/%D9%81%D8%B1%D8%B4%D8%A7%D8%AA_%D8%A7%D9%81%D9%84%D9%88%D9%86_VIP_%D8%A8_285
حراج السيارات,تويوتا,افالون,افالون تورنق 2022 للتنازل,الرياض,0,https://haraj.com.sa/11113388353/%D8%A7%D9%81%D8%A7%D9%84%D9%88%D9%86_%D8%AA%D9%88%D8%B1%D9%86%D9%82_2022_%D9%84%D9%84%D8%AA%D9%86%D8%A7%D8%B2%D9%84
حراج السيارات,تويوتا,افالون,ديكور افالون 2012,جده,0,https://haraj.com.sa/11113387387/%D8%AF%D9%8A%D9%83%D9%88%D8%B1_%D8%A7%D9%81%D8%A7%D9%84%D9%88%D9%86_2012
حراج السيارات,تويوتا,افالون,افالون 2021فل كامل للتقبيل ممشى 70الف كيلو,العقيق,0,https://haraj.com.sa/11113386931/%D8%A7%D9%81%D8%A7%D9%84%D9%88%D9%86_2021%D9%81%D9%84_%D9%83%D8%A7%D9%85%D9%84_%D9%84%D9%84%D8%AA%D9%82%D8%A8%D9%8A%D9%84_%D9%85%D9%85%D8%B4%D9%89_70%D8%A7%D9%84%D9%81_%D9%83%D9%8A%D9%84%D9%88
حراج السيارات,تويوتا,افالون,افالون 2019 ممشى قليل عبداللطيف جميل,الرياض,0,https://haraj.com.sa/11113386131/%D8%A7%D9%81%D8%A7%D9%84%D9%88%D9%86_2019_%D9%85%D9%85%D8%B4%D9%89_%D9%82%D9%84%D9%8A%D9%84_%D8%B9%D8%A8%D8%AF%D8%A7%D9%84%D9%84%D8%B7%D9%8A%D9%81_%D8%AC%D9%85%D9%8A%D9%84
حراج السيارات,تويوتا,افالون,افالون بريميوم 2022 الدفعه الاخيره,جده,0,https://haraj.com.sa/11113385042/%D8%A7%D9%81%D8%A7%D9%84%D9%88%D9%86_%D8%A8%D8%B1%D9%8A%D9%85%D9%8A%D9%88%D9%85_2022_%D8%A7%D9%84%D8%AF%D9%81%D8%B9%D9%87_%D8%A7%D9%84%D8%A7%D8%AE%D9%8A%D8%B1%D9%87
حراج السيارات,تويوتا,افالون,افالون 2019,الرياض,0,https://haraj.com.sa/11113384543/%D8%A7%D9%81%D8%A7%D9%84%D9%88%D9%86_2019
حراج السيارات,تويوتا,افالون,قصايد للبيع بسعر رمزي,الرياض,0,https://haraj.com.sa/11113383624/%D9%82%D8%B5%D8%A7%D9%8A%D8%AF_%D9%84%D9%84%D8%A8%D9%8A%D8%B9_%D8%A8%D8%B3%D8%B9%D8%B1_%D8%B1%D9%85%D8%B2%D9%8A
مواشي وحيوانات وطيور,غنم,غنم بربري,براميل مندي,الرياض,0,https://haraj.com.sa/11113394489/%D8%A8%D8%B1%D8%A7%D9%85%D9%8A%D9%84_%D9%85%D9%86%D8%AF%D9%8A
